-- ============================================================================
-- KIS Project Module - Complete Database Reset and Population
-- ============================================================================
-- This script performs a complete reset:
-- 1. Drops all existing tables (with CASCADE CONSTRAINTS)
-- 2. Creates all 11 tables from scratch
-- 3. Populates all tables with test data
-- ============================================================================

-- ============================================================================
-- STEP 1: DROP ALL EXISTING TABLES
-- ============================================================================

DROP TABLE DB_JT.KP_DAT_PROJEKTCASHFLOW CASCADE CONSTRAINTS;
DROP TABLE DB_JT.KP_KTG_PROJEKT CASCADE CONSTRAINTS;
DROP TABLE DB_JT.KP_CIS_PROJEKTSTATUS CASCADE CONSTRAINTS;
DROP TABLE DB_JT.KP_CIS_PROJEKTKATEGORIE CASCADE CONSTRAINTS;
DROP TABLE DB_JT.KP_CIS_PROJEKTFREKVENCE CASCADE CONSTRAINTS;
DROP TABLE DB_JT.KP_CIS_MNGSEGMENT CASCADE CONSTRAINTS;
DROP TABLE DB_JT.KP_CIS_MENA CASCADE CONSTRAINTS;
DROP TABLE DB_JT.KP_CIS_TYPBUDGETUPROJEKTU CASCADE CONSTRAINTS;
DROP TABLE DB_JT.KP_CIS_TYPPROJEKTOVEBILANCE CASCADE CONSTRAINTS;
DROP TABLE DB_JT.KP_CIS_PROJEKTCASHFLOWTYP CASCADE CONSTRAINTS;
DROP TABLE DB_JT.KP_CIS_PROJEKTINOOUTTYP CASCADE CONSTRAINTS;

-- ============================================================================
-- STEP 2: CREATE ALL TABLES
-- ============================================================================

-- 2.1 Lookup Tables (must be created before main tables due to FK)
-- ============================================================================

-- KP_CIS_PROJEKTSTATUS - Project Status Lookup
CREATE TABLE DB_JT.KP_CIS_PROJEKTSTATUS (
    ID NUMBER(19) CONSTRAINT PK_PROJEKTSTATUS PRIMARY KEY,
    S_NAZEV VARCHAR2(100) NOT NULL,
    S_KOD VARCHAR2(50) NOT NULL UNIQUE,
    S_POPIS VARCHAR2(500),
    DT_CREATED DATE DEFAULT SYSDATE,
    S_UZIVATEL VARCHAR2(50),
    DT_UPDATED DATE
);

-- KP_CIS_PROJEKTKATEGORIE - Project Category Lookup
CREATE TABLE DB_JT.KP_CIS_PROJEKTKATEGORIE (
    ID NUMBER(19) CONSTRAINT PK_PROJEKTKATEGORIE PRIMARY KEY,
    S_NAZEV VARCHAR2(100) NOT NULL,
    S_KOD VARCHAR2(50) NOT NULL UNIQUE,
    S_POPIS VARCHAR2(500),
    DT_CREATED DATE DEFAULT SYSDATE,
    S_UZIVATEL VARCHAR2(50),
    DT_UPDATED DATE
);

-- KP_CIS_PROJEKTFREKVENCE - Project Frequency Lookup
CREATE TABLE DB_JT.KP_CIS_PROJEKTFREKVENCE (
    ID NUMBER(19) CONSTRAINT PK_PROJEKTFREKVENCE PRIMARY KEY,
    S_NAZEV VARCHAR2(100) NOT NULL,
    S_KOD VARCHAR2(50) NOT NULL UNIQUE,
    S_POPIS VARCHAR2(500),
    DT_CREATED DATE DEFAULT SYSDATE,
    S_UZIVATEL VARCHAR2(50),
    DT_UPDATED DATE
);

-- KP_CIS_MNGSEGMENT - Management Segment Lookup
CREATE TABLE DB_JT.KP_CIS_MNGSEGMENT (
    ID NUMBER(19) CONSTRAINT PK_MNGSEGMENT PRIMARY KEY,
    S_NAZEV VARCHAR2(100) NOT NULL,
    S_KOD VARCHAR2(50) NOT NULL UNIQUE,
    S_POPIS VARCHAR2(500),
    DT_CREATED DATE DEFAULT SYSDATE,
    S_UZIVATEL VARCHAR2(50),
    DT_UPDATED DATE
);

-- KP_CIS_MENA - Currency Lookup
CREATE TABLE DB_JT.KP_CIS_MENA (
    ID NUMBER(19) CONSTRAINT PK_MENA PRIMARY KEY,
    S_NAZEV VARCHAR2(100) NOT NULL,
    S_KOD VARCHAR2(50) NOT NULL UNIQUE,
    S_POPIS VARCHAR2(500),
    DT_CREATED DATE DEFAULT SYSDATE,
    S_UZIVATEL VARCHAR2(50),
    DT_UPDATED DATE
);

-- KP_CIS_TYPBUDGETUPROJEKTU - Budget Type Lookup
CREATE TABLE DB_JT.KP_CIS_TYPBUDGETUPROJEKTU (
    ID NUMBER(19) CONSTRAINT PK_TYPBUDGETUPROJEKTU PRIMARY KEY,
    S_NAZEV VARCHAR2(100) NOT NULL,
    S_KOD VARCHAR2(50) NOT NULL UNIQUE,
    S_POPIS VARCHAR2(500),
    DT_CREATED DATE DEFAULT SYSDATE,
    S_UZIVATEL VARCHAR2(50),
    DT_UPDATED DATE
);

-- KP_CIS_TYPPROJEKTOVEBILANCE - Balance Type Lookup
CREATE TABLE DB_JT.KP_CIS_TYPPROJEKTOVEBILANCE (
    ID NUMBER(19) CONSTRAINT PK_TYPPROJEKTOVEBILANCE PRIMARY KEY,
    S_NAZEV VARCHAR2(100) NOT NULL,
    S_KOD VARCHAR2(50) NOT NULL UNIQUE,
    S_POPIS VARCHAR2(500),
    DT_CREATED DATE DEFAULT SYSDATE,
    S_UZIVATEL VARCHAR2(50),
    DT_UPDATED DATE
);

-- KP_CIS_PROJEKTCASHFLOWTYP - Cash Flow Type Lookup
CREATE TABLE DB_JT.KP_CIS_PROJEKTCASHFLOWTYP (
    ID NUMBER(19) CONSTRAINT PK_PROJEKTCASHFLOWTYP PRIMARY KEY,
    S_NAZEV VARCHAR2(100) NOT NULL,
    S_KOD VARCHAR2(50) NOT NULL UNIQUE,
    S_POPIS VARCHAR2(500),
    DT_CREATED DATE DEFAULT SYSDATE,
    S_UZIVATEL VARCHAR2(50),
    DT_UPDATED DATE
);

-- KP_CIS_PROJEKTINOOUTTYP - In/Out Type Lookup
CREATE TABLE DB_JT.KP_CIS_PROJEKTINOOUTTYP (
    ID NUMBER(19) CONSTRAINT PK_PROJEKTINOOUTTYP PRIMARY KEY,
    S_NAZEV VARCHAR2(100) NOT NULL,
    S_KOD VARCHAR2(50) NOT NULL UNIQUE,
    S_POPIS VARCHAR2(500),
    DT_CREATED DATE DEFAULT SYSDATE,
    S_UZIVATEL VARCHAR2(50),
    DT_UPDATED DATE
);

-- 2.2 Main Project Table
-- ============================================================================

CREATE TABLE DB_JT.KP_KTG_PROJEKT (
    ID NUMBER(19) CONSTRAINT PK_KTG_PROJEKT PRIMARY KEY,
    S_NAZEV VARCHAR2(200) NOT NULL,
    S_CISLO VARCHAR2(50) NOT NULL UNIQUE,
    ID_STATUS NUMBER(19),
    ID_PMANAGER NUMBER(19),
    ID_MNGSEGMENT NUMBER(19),
    ID_MENA NUMBER(19),
    DT_HODNOCENI_OD DATE,
    ID_FREKVENCE NUMBER(19),
    S_POPIS VARCHAR2(2000),
    ND_DOCUROVEN1 NUMBER(20,2),
    ND_DOCUROVEN2 NUMBER(20,2),
    ND_DOCUROVEN3 NUMBER(20,2),
    C_SLEDUJEBUDGET CHAR(1),
    ND_BUDGETNAVYSENI_PM NUMBER(20,2),
    ND_BUDGETNAVYSENI_TOP NUMBER(20,2),
    ID_TYPBILANCE NUMBER(19),
    ID_TYPBUDGETU NUMBER(19),
    ID_KATEGORIE NUMBER(19),
    DT_CREATED DATE DEFAULT SYSDATE,
    S_UZIVATEL VARCHAR2(50),
    DT_UPDATED DATE,
    CONSTRAINT FK_PROJEKT_STATUS FOREIGN KEY (ID_STATUS)
        REFERENCES DB_JT.KP_CIS_PROJEKTSTATUS(ID),
    CONSTRAINT FK_PROJEKT_MNGSEGMENT FOREIGN KEY (ID_MNGSEGMENT)
        REFERENCES DB_JT.KP_CIS_MNGSEGMENT(ID),
    CONSTRAINT FK_PROJEKT_MENA FOREIGN KEY (ID_MENA)
        REFERENCES DB_JT.KP_CIS_MENA(ID),
    CONSTRAINT FK_PROJEKT_FREKVENCE FOREIGN KEY (ID_FREKVENCE)
        REFERENCES DB_JT.KP_CIS_PROJEKTFREKVENCE(ID),
    CONSTRAINT FK_PROJEKT_TYPBILANCE FOREIGN KEY (ID_TYPBILANCE)
        REFERENCES DB_JT.KP_CIS_TYPPROJEKTOVEBILANCE(ID),
    CONSTRAINT FK_PROJEKT_TYPBUDGETU FOREIGN KEY (ID_TYPBUDGETU)
        REFERENCES DB_JT.KP_CIS_TYPBUDGETUPROJEKTU(ID),
    CONSTRAINT FK_PROJEKT_KATEGORIE FOREIGN KEY (ID_KATEGORIE)
        REFERENCES DB_JT.KP_CIS_PROJEKTKATEGORIE(ID)
);

-- 2.3 Cash Flow Table
-- ============================================================================

CREATE TABLE DB_JT.KP_DAT_PROJEKTCASHFLOW (
    ID NUMBER(19) CONSTRAINT PK_DAT_PROJEKTCASHFLOW PRIMARY KEY,
    ID_KTGPROJEKT NUMBER(19) NOT NULL,
    ID_CASHFLOWTYP NUMBER(19),
    DT_DATUM DATE,
    ND_CASTKA NUMBER(20,2),
    ID_MENA NUMBER(19),
    ID_INOUTTTYP NUMBER(19),
    ID_POZICETYP NUMBER(19),
    S_POZNAMKA VARCHAR2(500),
    DT_CREATED DATE DEFAULT SYSDATE,
    S_UZIVATEL VARCHAR2(50),
    DT_UPDATED DATE,
    CONSTRAINT FK_CASHFLOW_PROJECT FOREIGN KEY (ID_KTGPROJEKT)
        REFERENCES DB_JT.KP_KTG_PROJEKT(ID),
    CONSTRAINT FK_CASHFLOW_TYP FOREIGN KEY (ID_CASHFLOWTYP)
        REFERENCES DB_JT.KP_CIS_PROJEKTCASHFLOWTYP(ID),
    CONSTRAINT FK_CASHFLOW_MENA FOREIGN KEY (ID_MENA)
        REFERENCES DB_JT.KP_CIS_MENA(ID),
    CONSTRAINT FK_CASHFLOW_INOUT FOREIGN KEY (ID_INOUTTTYP)
        REFERENCES DB_JT.KP_CIS_PROJEKTINOOUTTYP(ID)
);

-- 2.4 Create Indexes
-- ============================================================================

CREATE INDEX IDX_PROJEKT_STATUS ON DB_JT.KP_KTG_PROJEKT(ID_STATUS);
CREATE INDEX IDX_PROJEKT_SEGMENT ON DB_JT.KP_KTG_PROJEKT(ID_MNGSEGMENT);
CREATE INDEX IDX_CASHFLOW_PROJECT ON DB_JT.KP_DAT_PROJEKTCASHFLOW(ID_KTGPROJEKT);
CREATE INDEX IDX_CASHFLOW_TYPE ON DB_JT.KP_DAT_PROJEKTCASHFLOW(ID_CASHFLOWTYP);
CREATE INDEX IDX_CASHFLOW_DATE ON DB_JT.KP_DAT_PROJEKTCASHFLOW(DT_DATUM);

-- ============================================================================
-- STEP 3: POPULATE DATA
-- ============================================================================

-- 3.1 Lookup Tables Data
-- ============================================================================

-- KP_CIS_PROJEKTSTATUS - Project Statuses
INSERT INTO DB_JT.KP_CIS_PROJEKTSTATUS (ID, S_NAZEV, S_KOD, DT_CREATED, S_UZIVATEL)
VALUES (1, 'Aktivní', 'ACTIVE', SYSDATE, 'SYSTEM');

INSERT INTO DB_JT.KP_CIS_PROJEKTSTATUS (ID, S_NAZEV, S_KOD, DT_CREATED, S_UZIVATEL)
VALUES (2, 'V přípravě', 'IN_PLANNING', SYSDATE, 'SYSTEM');

INSERT INTO DB_JT.KP_CIS_PROJEKTSTATUS (ID, S_NAZEV, S_KOD, DT_CREATED, S_UZIVATEL)
VALUES (3, 'Probíhá', 'IN_PROGRESS', SYSDATE, 'SYSTEM');

INSERT INTO DB_JT.KP_CIS_PROJEKTSTATUS (ID, S_NAZEV, S_KOD, DT_CREATED, S_UZIVATEL)
VALUES (4, 'Pozastaveno', 'ON_HOLD', SYSDATE, 'SYSTEM');

INSERT INTO DB_JT.KP_CIS_PROJEKTSTATUS (ID, S_NAZEV, S_KOD, DT_CREATED, S_UZIVATEL)
VALUES (5, 'Ukončeno', 'COMPLETED', SYSDATE, 'SYSTEM');

-- KP_CIS_PROJEKTKATEGORIE - Project Categories
INSERT INTO DB_JT.KP_CIS_PROJEKTKATEGORIE (ID, S_NAZEV, S_KOD, DT_CREATED, S_UZIVATEL)
VALUES (1, 'IT Projekty', 'IT', SYSDATE, 'SYSTEM');

INSERT INTO DB_JT.KP_CIS_PROJEKTKATEGORIE (ID, S_NAZEV, S_KOD, DT_CREATED, S_UZIVATEL)
VALUES (2, 'Business Development', 'BD', SYSDATE, 'SYSTEM');

INSERT INTO DB_JT.KP_CIS_PROJEKTKATEGORIE (ID, S_NAZEV, S_KOD, DT_CREATED, S_UZIVATEL)
VALUES (3, 'Infrastruktura', 'INFRA', SYSDATE, 'SYSTEM');

-- KP_CIS_PROJEKTFREKVENCE - Project Frequencies
INSERT INTO DB_JT.KP_CIS_PROJEKTFREKVENCE (ID, S_NAZEV, S_KOD, DT_CREATED, S_UZIVATEL)
VALUES (1, 'Měsíční', 'MONTHLY', SYSDATE, 'SYSTEM');

INSERT INTO DB_JT.KP_CIS_PROJEKTFREKVENCE (ID, S_NAZEV, S_KOD, DT_CREATED, S_UZIVATEL)
VALUES (2, 'Čtvrtletní', 'QUARTERLY', SYSDATE, 'SYSTEM');

INSERT INTO DB_JT.KP_CIS_PROJEKTFREKVENCE (ID, S_NAZEV, S_KOD, DT_CREATED, S_UZIVATEL)
VALUES (3, 'Roční', 'YEARLY', SYSDATE, 'SYSTEM');

-- KP_CIS_MNGSEGMENT - Management Segments
INSERT INTO DB_JT.KP_CIS_MNGSEGMENT (ID, S_NAZEV, S_KOD, DT_CREATED, S_UZIVATEL)
VALUES (1, 'IT oddělení', 'IT_DEPT', SYSDATE, 'SYSTEM');

INSERT INTO DB_JT.KP_CIS_MNGSEGMENT (ID, S_NAZEV, S_KOD, DT_CREATED, S_UZIVATEL)
VALUES (2, 'Business Development', 'BD_DEPT', SYSDATE, 'SYSTEM');

INSERT INTO DB_JT.KP_CIS_MNGSEGMENT (ID, S_NAZEV, S_KOD, DT_CREATED, S_UZIVATEL)
VALUES (3, 'Finance', 'FIN_DEPT', SYSDATE, 'SYSTEM');

-- KP_CIS_MENA - Currencies
INSERT INTO DB_JT.KP_CIS_MENA (ID, S_NAZEV, S_KOD, DT_CREATED, S_UZIVATEL)
VALUES (1, 'Česká koruna', 'CZK', SYSDATE, 'SYSTEM');

INSERT INTO DB_JT.KP_CIS_MENA (ID, S_NAZEV, S_KOD, DT_CREATED, S_UZIVATEL)
VALUES (2, 'Euro', 'EUR', SYSDATE, 'SYSTEM');

INSERT INTO DB_JT.KP_CIS_MENA (ID, S_NAZEV, S_KOD, DT_CREATED, S_UZIVATEL)
VALUES (3, 'Americký dolar', 'USD', SYSDATE, 'SYSTEM');

-- KP_CIS_TYPBUDGETUPROJEKTU - Budget Types
INSERT INTO DB_JT.KP_CIS_TYPBUDGETUPROJEKTU (ID, S_NAZEV, S_KOD, DT_CREATED, S_UZIVATEL)
VALUES (1, 'CAPEX', 'CAPEX', SYSDATE, 'SYSTEM');

INSERT INTO DB_JT.KP_CIS_TYPBUDGETUPROJEKTU (ID, S_NAZEV, S_KOD, DT_CREATED, S_UZIVATEL)
VALUES (2, 'OPEX', 'OPEX', SYSDATE, 'SYSTEM');

-- KP_CIS_TYPPROJEKTOVEBILANCE - Balance Types
INSERT INTO DB_JT.KP_CIS_TYPPROJEKTOVEBILANCE (ID, S_NAZEV, S_KOD, DT_CREATED, S_UZIVATEL)
VALUES (1, 'Aktivní', 'ACTIVE', SYSDATE, 'SYSTEM');

INSERT INTO DB_JT.KP_CIS_TYPPROJEKTOVEBILANCE (ID, S_NAZEV, S_KOD, DT_CREATED, S_UZIVATEL)
VALUES (2, 'Pasivní', 'PASSIVE', SYSDATE, 'SYSTEM');

-- KP_CIS_PROJEKTCASHFLOWTYP - Cash Flow Types
INSERT INTO DB_JT.KP_CIS_PROJEKTCASHFLOWTYP (ID, S_NAZEV, S_KOD, DT_CREATED, S_UZIVATEL)
VALUES (1, 'Investice', 'INVESTMENT', SYSDATE, 'SYSTEM');

INSERT INTO DB_JT.KP_CIS_PROJEKTCASHFLOWTYP (ID, S_NAZEV, S_KOD, DT_CREATED, S_UZIVATEL)
VALUES (2, 'Provozní náklady', 'OPERATING_COST', SYSDATE, 'SYSTEM');

INSERT INTO DB_JT.KP_CIS_PROJEKTCASHFLOWTYP (ID, S_NAZEV, S_KOD, DT_CREATED, S_UZIVATEL)
VALUES (3, 'Licence', 'LICENSE', SYSDATE, 'SYSTEM');

INSERT INTO DB_JT.KP_CIS_PROJEKTCASHFLOWTYP (ID, S_NAZEV, S_KOD, DT_CREATED, S_UZIVATEL)
VALUES (4, 'Služby', 'SERVICES', SYSDATE, 'SYSTEM');

-- KP_CIS_PROJEKTINOOUTTYP - In/Out Types
INSERT INTO DB_JT.KP_CIS_PROJEKTINOOUTTYP (ID, S_NAZEV, S_KOD, DT_CREATED, S_UZIVATEL)
VALUES (1, 'Příjem', 'IN', SYSDATE, 'SYSTEM');

INSERT INTO DB_JT.KP_CIS_PROJEKTINOOUTTYP (ID, S_NAZEV, S_KOD, DT_CREATED, S_UZIVATEL)
VALUES (2, 'Výdaj', 'OUT', SYSDATE, 'SYSTEM');

-- 3.2 Main Project Data
-- ============================================================================

-- Project 1: Implementace CRM systému
INSERT INTO DB_JT.KP_KTG_PROJEKT (
    ID, S_NAZEV, S_CISLO, ID_STATUS, ID_PMANAGER, ID_MNGSEGMENT, ID_MENA,
    DT_HODNOCENI_OD, ID_FREKVENCE, S_POPIS,
    ND_DOCUROVEN1, ND_DOCUROVEN2, ND_DOCUROVEN3,
    C_SLEDUJEBUDGET, ND_BUDGETNAVYSENI_PM, ND_BUDGETNAVYSENI_TOP,
    ID_TYPBILANCE, ID_TYPBUDGETU, ID_KATEGORIE,
    DT_CREATED, S_UZIVATEL, DT_UPDATED
) VALUES (
    1, 'Implementace CRM systému', 'PRJ-2025-001', 1, 101, 1, 1,
    TO_DATE('2025-01-15', 'YYYY-MM-DD'), 1,
    'Implementace nového CRM systému pro zlepšení vztahů se zákazníky. Projekt zahrnuje analýzu požadavků, výběr dodavatele, implementaci a školení uživatelů.',
    500000, 1000000, 2000000,
    'A', 100000, 200000,
    1, 1, 1,
    SYSDATE, 'admin', SYSDATE
);

-- Project 2: Modernizace IT infrastruktury
INSERT INTO DB_JT.KP_KTG_PROJEKT (
    ID, S_NAZEV, S_CISLO, ID_STATUS, ID_PMANAGER, ID_MNGSEGMENT, ID_MENA,
    DT_HODNOCENI_OD, ID_FREKVENCE, S_POPIS,
    ND_DOCUROVEN1, ND_DOCUROVEN2, ND_DOCUROVEN3,
    C_SLEDUJEBUDGET, ND_BUDGETNAVYSENI_PM, ND_BUDGETNAVYSENI_TOP,
    ID_TYPBILANCE, ID_TYPBUDGETU, ID_KATEGORIE,
    DT_CREATED, S_UZIVATEL, DT_UPDATED
) VALUES (
    2, 'Modernizace IT infrastruktury', 'PRJ-2025-002', 1, 102, 1, 1,
    TO_DATE('2025-02-01', 'YYYY-MM-DD'), 1,
    'Upgrade serverů a síťové infrastruktury pro zvýšení výkonu a spolehlivosti systémů.',
    800000, 1500000, 3000000,
    'A', 150000, 300000,
    1, 1, 3,
    SYSDATE, 'admin', SYSDATE
);

-- Project 3: Digitalizace procesů
INSERT INTO DB_JT.KP_KTG_PROJEKT (
    ID, S_NAZEV, S_CISLO, ID_STATUS, ID_PMANAGER, ID_MNGSEGMENT, ID_MENA,
    DT_HODNOCENI_OD, ID_FREKVENCE, S_POPIS,
    ND_DOCUROVEN1, ND_DOCUROVEN2, ND_DOCUROVEN3,
    C_SLEDUJEBUDGET, ND_BUDGETNAVYSENI_PM, ND_BUDGETNAVYSENI_TOP,
    ID_TYPBILANCE, ID_TYPBUDGETU, ID_KATEGORIE,
    DT_CREATED, S_UZIVATEL, DT_UPDATED
) VALUES (
    3, 'Digitalizace procesů', 'PRJ-2025-003', 2, 103, 2, 1,
    TO_DATE('2025-03-01', 'YYYY-MM-DD'), 2,
    'Digitalizace klíčových obchodních procesů pro zvýšení efektivity a snížení nákladů.',
    300000, 600000, 1000000,
    'A', 50000, 100000,
    1, 2, 2,
    SYSDATE, 'admin', SYSDATE
);

-- 3.3 Cash Flow Data
-- ============================================================================

-- Cash Flow for Project 1
INSERT INTO DB_JT.KP_DAT_PROJEKTCASHFLOW (
    ID, ID_KTGPROJEKT, ID_CASHFLOWTYP, DT_DATUM, ND_CASTKA, ID_MENA,
    ID_INOUTTTYP, ID_POZICETYP, S_POZNAMKA, DT_CREATED, S_UZIVATEL
) VALUES (
    1, 1, 1, TO_DATE('2025-01-15', 'YYYY-MM-DD'), 500000, 1,
    2, 1, 'Počáteční investice do projektu', SYSDATE, 'admin'
);

INSERT INTO DB_JT.KP_DAT_PROJEKTCASHFLOW (
    ID, ID_KTGPROJEKT, ID_CASHFLOWTYP, DT_DATUM, ND_CASTKA, ID_MENA,
    ID_INOUTTTYP, ID_POZICETYP, S_POZNAMKA, DT_CREATED, S_UZIVATEL
) VALUES (
    2, 1, 2, TO_DATE('2025-02-15', 'YYYY-MM-DD'), 150000, 1,
    2, 2, 'Měsíční provozní náklady', SYSDATE, 'admin'
);

INSERT INTO DB_JT.KP_DAT_PROJEKTCASHFLOW (
    ID, ID_KTGPROJEKT, ID_CASHFLOWTYP, DT_DATUM, ND_CASTKA, ID_MENA,
    ID_INOUTTTYP, ID_POZICETYP, S_POZNAMKA, DT_CREATED, S_UZIVATEL
) VALUES (
    3, 1, 3, TO_DATE('2025-03-01', 'YYYY-MM-DD'), 200000, 1,
    2, 2, 'Roční licence software', SYSDATE, 'admin'
);

-- Cash Flow for Project 2
INSERT INTO DB_JT.KP_DAT_PROJEKTCASHFLOW (
    ID, ID_KTGPROJEKT, ID_CASHFLOWTYP, DT_DATUM, ND_CASTKA, ID_MENA,
    ID_INOUTTTYP, ID_POZICETYP, S_POZNAMKA, DT_CREATED, S_UZIVATEL
) VALUES (
    4, 2, 1, TO_DATE('2025-02-01', 'YYYY-MM-DD'), 1200000, 1,
    2, 1, 'Nákup serverů a síťového vybavení', SYSDATE, 'admin'
);

INSERT INTO DB_JT.KP_DAT_PROJEKTCASHFLOW (
    ID, ID_KTGPROJEKT, ID_CASHFLOWTYP, DT_DATUM, ND_CASTKA, ID_MENA,
    ID_INOUTTTYP, ID_POZICETYP, S_POZNAMKA, DT_CREATED, S_UZIVATEL
) VALUES (
    5, 2, 4, TO_DATE('2025-02-15', 'YYYY-MM-DD'), 300000, 1,
    2, 2, 'Implementační služby', SYSDATE, 'admin'
);

-- Cash Flow for Project 3
INSERT INTO DB_JT.KP_DAT_PROJEKTCASHFLOW (
    ID, ID_KTGPROJEKT, ID_CASHFLOWTYP, DT_DATUM, ND_CASTKA, ID_MENA,
    ID_INOUTTTYP, ID_POZICETYP, S_POZNAMKA, DT_CREATED, S_UZIVATEL
) VALUES (
    6, 3, 2, TO_DATE('2025-03-01', 'YYYY-MM-DD'), 80000, 1,
    2, 2, 'Analytické služby', SYSDATE, 'admin'
);

INSERT INTO DB_JT.KP_DAT_PROJEKTCASHFLOW (
    ID, ID_KTGPROJEKT, ID_CASHFLOWTYP, DT_DATUM, ND_CASTKA, ID_MENA,
    ID_INOUTTTYP, ID_POZICETYP, S_POZNAMKA, DT_CREATED, S_UZIVATEL
) VALUES (
    7, 3, 3, TO_DATE('2025-04-01', 'YYYY-MM-DD'), 120000, 1,
    2, 2, 'Licence workflow systému', SYSDATE, 'admin'
);

-- ============================================================================
-- COMMIT AND VERIFY
-- ============================================================================
COMMIT;

-- Verification queries
SELECT 'Tables created: ' || COUNT(*) as INFO
FROM user_tables
WHERE table_name LIKE 'KP_%';

SELECT 'Projects count: ' || COUNT(*) as INFO FROM DB_JT.KP_KTG_PROJEKT;
SELECT 'Cash Flow count: ' || COUNT(*) as INFO FROM DB_JT.KP_DAT_PROJEKTCASHFLOW;
SELECT 'Statuses count: ' || COUNT(*) as INFO FROM DB_JT.KP_CIS_PROJEKTSTATUS;

SELECT '✓ Database reset and population completed successfully!' as STATUS FROM DUAL;

-- ============================================================================
-- END OF SCRIPT
-- ============================================================================
